strategy,ticker,target_weight,entry_price,shares,entry_value,last_price,last_value,created_at,updated_at
V12_champion,MU,0.0499999999999999,949.2199096679688,0.526748327660865,499.9999999999999,995.8699951171875,524.5728544956123,2026-06-08 13:43:32 UTC,2026-06-11 20:19:22 UTC
V12_champion,WDC,0.0499999999999999,535.3800048828125,0.9339160884602764,499.9999999999999,529.2899780273438,494.31242594052253,2026-06-08 13:43:32 UTC,2026-06-11 20:19:22 UTC
V12_champion,STX,0.0499999999999999,875.5750122070312,0.5710532998648139,499.9999999999999,868.0900268554688,495.7256744155504,2026-06-08 13:43:32 UTC,2026-06-11 20:19:22 UTC
V12_champion,DELL,0.0499999999999999,390.0499877929688,1.2818869776901276,499.9999999999999,391.45001220703125,501.79467306483485,2026-06-08 13:43:32 UTC,2026-06-11 20:19:22 UTC
V12_champion,INTC,0.0499999999999999,109.5999984741211,4.562043859134365,499.9999999999999,116.95999908447266,533.5766455876794,2026-06-08 13:43:32 UTC,2026-06-11 20:19:22 UTC
V12_champion,CIEN,0.0499999999999999,464.6400146484375,1.076101894449011,499.9999999999999,445.2200012207031,479.10208676018965,2026-06-08 13:43:32 UTC,2026-06-11 20:19:22 UTC
V12_champion,AMD,0.0499999999999999,487.2250061035156,1.026219906073068,499.9999999999999,488.45001220703125,501.25712564848845,2026-06-08 13:43:32 UTC,2026-06-11 20:19:22 UTC
V12_champion,ON,0.0499999999999999,122.27999877929688,4.088976161199099,499.9999999999999,115.95999908447266,474.15767190907803,2026-06-08 13:43:32 UTC,2026-06-11 20:19:22 UTC
V12_champion,HPE,0.0499999999999999,49.400001525878906,10.121457177244572,499.9999999999999,46.79999923706055,473.684188172987,2026-06-08 13:43:32 UTC,2026-06-11 20:19:22 UTC
V12_champion,NUE,0.0499999999999999,253.7400054931641,1.9705209630945253,499.9999999999999,260.8999938964844,514.1089072442562,2026-06-08 13:43:32 UTC,2026-06-11 20:19:22 UTC
V12_champion,COHR,0.0499999999999999,390.364990234375,1.2808525674902351,499.9999999999999,363.5799865722656,465.6923592891516,2026-06-08 13:43:32 UTC,2026-06-11 20:19:22 UTC
V12_champion,LITE,0.0499999999999999,877.6699829101562,0.5696902135608106,499.9999999999999,889.5900268554688,506.79073238085925,2026-06-08 13:43:32 UTC,2026-06-11 20:19:22 UTC
V12_champion,LRCX,0.0499999999999999,322.4599914550781,1.5505799579779955,499.9999999999999,362.5199890136719,562.1162293310027,2026-06-08 13:43:32 UTC,2026-06-11 20:19:22 UTC
V12_champion,FIX,0.0499999999999999,1804.06494140625,0.2771518854583222,499.9999999999999,1843.4200439453125,510.9073408711065,2026-06-08 13:43:32 UTC,2026-06-11 20:19:22 UTC
V12_champion,GLW,0.0499999999999999,190.1000061035156,2.630194549955636,499.9999999999999,176.5500030517578,464.3608558213843,2026-06-08 13:43:32 UTC,2026-06-11 20:19:22 UTC
V12_champion,JBL,0.0499999999999999,356.2799987792969,1.4033905964778353,499.9999999999999,376.8900146484375,528.9239024640108,2026-06-08 13:43:32 UTC,2026-06-11 20:19:22 UTC
V12_champion,AMAT,0.0499999999999999,484.8500061035156,1.0312467643720102,499.9999999999999,552.6400146484375,569.9082269687016,2026-06-08 13:43:32 UTC,2026-06-11 20:19:22 UTC
V12_champion,TER,0.0499999999999999,375.1000061035156,1.332977850877496,499.9999999999999,381.3999938964844,508.39774418882587,2026-06-08 13:43:32 UTC,2026-06-11 20:19:22 UTC
V12_champion,TXN,0.0499999999999999,291.5849914550781,1.714765898974709,499.9999999999999,297.1000061035156,509.4569590514865,2026-06-08 13:43:32 UTC,2026-06-11 20:19:22 UTC
V12_champion,GNRC,0.0499999999999999,266.0,1.8796992481203003,499.9999999999999,257.3299865722656,483.70298227869466,2026-06-08 13:43:32 UTC,2026-06-11 20:19:22 UTC
V13_defensive,IEF,0.0699999999999999,93.8000030517578,7.462686324367678,699.9999999999995,94.33999633789062,704.0298005116732,2026-06-08 13:43:34 UTC,2026-06-11 20:19:22 UTC
V13_defensive,WDC,0.0533333333333333,535.780029296875,0.9954333946213852,533.3333333333335,529.2899780273438,526.8729195668373,2026-06-08 13:43:34 UTC,2026-06-11 20:19:22 UTC
V13_defensive,MU,0.0533333333333333,949.0,0.5619950825430279,533.3333333333335,995.8699951171875,559.6740401080085,2026-06-08 13:43:34 UTC,2026-06-11 20:19:22 UTC
V13_defensive,STX,0.0533333333333333,874.6199951171875,0.6097886354197446,533.3333333333335,868.0900268554688,529.3514328976858,2026-06-08 13:43:34 UTC,2026-06-11 20:19:22 UTC
V13_defensive,NUE,0.0533333333333333,253.7400054931641,2.1018890273008286,533.3333333333335,260.8999938964844,548.3828343938736,2026-06-08 13:43:34 UTC,2026-06-11 20:19:22 UTC
V13_defensive,GNRC,0.0533333333333333,266.0,2.0050125313283216,533.3333333333335,257.3299865722656,515.9498477639413,2026-06-08 13:43:34 UTC,2026-06-11 20:19:22 UTC
V13_defensive,FIX,0.0533333333333333,1805.9449462890625,0.2953209257177252,533.3333333333335,1843.4200439453125,544.4005138645394,2026-06-08 13:43:34 UTC,2026-06-11 20:19:22 UTC
V13_defensive,JBHT,0.0533333333333333,286.20001220703125,1.8634986393625,533.3333333333335,289.1400146484375,538.8120238826166,2026-06-08 13:43:34 UTC,2026-06-11 20:19:22 UTC
V13_defensive,SATS,0.0533333333333333,112.97899627685548,4.72064145468595,533.3333333333335,128.1300048828125,604.8558126389179,2026-06-08 13:43:34 UTC,2026-06-11 20:19:22 UTC
V13_defensive,VTRS,0.0533333333333333,16.079999923706055,33.16749601143113,533.3333333333335,16.309999465942383,540.9618422330879,2026-06-08 13:43:34 UTC,2026-06-11 20:19:22 UTC
V13_defensive,STLD,0.0533333333333333,266.0599975585937,2.004560393246936,533.3333333333335,279.54998779296875,560.3748334624496,2026-06-08 13:43:34 UTC,2026-06-11 20:19:22 UTC
V13_defensive,HAL,0.0533333333333333,40.01599884033203,13.328002518727288,533.3333333333335,39.7599983215332,529.9213577739873,2026-06-08 13:43:34 UTC,2026-06-11 20:19:22 UTC
V13_defensive,TRGP,0.0533333333333333,266.125,2.0040707687490222,533.3333333333335,269.3699951171875,539.8365331924223,2026-06-08 13:43:34 UTC,2026-06-11 20:19:22 UTC
V13_defensive,APA,0.0533333333333333,37.2599983215332,14.313831383752662,533.3333333333335,36.779998779296875,526.4627008214842,2026-06-08 13:43:34 UTC,2026-06-11 20:19:22 UTC
V13_defensive,STT,0.0533333333333333,162.73500061035156,3.277311772716509,533.3333333333335,164.85000610351562,540.2648657354401,2026-06-08 13:43:34 UTC,2026-06-11 20:19:22 UTC
V13_defensive,HST,0.0533333333333333,24.770000457763672,21.53142202168069,533.3333333333335,24.34000015258789,524.0748152931423,2026-06-08 13:43:34 UTC,2026-06-11 20:19:22 UTC
V13_defensive,GLD,0.0499999999999999,398.6400146484375,1.2542644532083709,499.9999999999994,386.260009765625,484.4721999449416,2026-06-08 13:43:34 UTC,2026-06-11 20:19:22 UTC
V13_defensive,TLT,0.0399999999999999,85.2300033569336,4.693182966623204,399.99999999999926,85.9800033569336,403.5198872249666,2026-06-08 13:43:34 UTC,2026-06-11 20:19:22 UTC
V13_defensive,SHY,0.0399999999999999,81.93499755859375,4.881918739473316,399.99999999999926,82.08999633789062,400.75669144524414,2026-06-08 13:43:34 UTC,2026-06-11 20:19:22 UTC
SPY_benchmark_for_V12,SPY,1.0,742.7849731445312,13.462846397747734,10000.0,737.760009765625,9932.349689875478,2026-06-08 13:43:34 UTC,2026-06-11 20:19:22 UTC
SPY_benchmark_for_V13,SPY,1.0,742.7849731445312,13.462846397747734,10000.0,737.760009765625,9932.349689875478,2026-06-08 13:43:34 UTC,2026-06-11 20:19:22 UTC
