,strategy,ticker,target_weight,entry_price,shares,entry_value,last_price,last_value,created_at,updated_at,gain_loss,weight_now
0,V12_champion,MU,0.0499999999999999,949.2199096679688,0.526748327660865,499.9999999999999,934.2000122070312,492.0882941308134,2026-06-08 13:43:32 UTC,2026-06-09 15:06:40 UTC,-0.015823411738372983,0.050044102139785336
1,V12_champion,WDC,0.0499999999999999,535.3800048828125,0.9339160884602764,499.9999999999999,518.280029296875,484.03005768801495,2026-06-08 13:43:32 UTC,2026-06-09 15:06:40 UTC,-0.031939884623969905,0.04922460041129524
2,V12_champion,STX,0.0499999999999999,875.5750122070312,0.5710532998648139,499.9999999999999,860.7899780273438,491.5569574430753,2026-06-08 13:43:32 UTC,2026-06-09 15:06:40 UTC,-0.016886085113849147,0.049990066577897514
3,V12_champion,DELL,0.0499999999999999,390.0499877929688,1.2818869776901276,499.9999999999999,386.4100036621094,495.3339517436525,2026-06-08 13:43:32 UTC,2026-06-09 15:06:40 UTC,-0.009332096512694732,0.05037417709386363
4,V12_champion,INTC,0.0499999999999999,109.5999984741211,4.562043859134365,499.9999999999999,108.48999786376952,494.9361285319101,2026-06-08 13:43:32 UTC,2026-06-09 15:06:40 UTC,-0.010127742936179684,0.050333719505907426
5,V12_champion,CIEN,0.0499999999999999,464.6400146484375,1.076101894449011,499.9999999999999,444.2999877929688,478.1120585676862,2026-06-08 13:43:32 UTC,2026-06-09 15:06:40 UTC,-0.04377588286462741,0.048622755262826486
6,V12_champion,AMD,0.0499999999999999,487.2250061035156,1.026219906073068,499.9999999999999,477.3599853515625,489.8763193305216,2026-06-08 13:43:32 UTC,2026-06-09 15:06:40 UTC,-0.02024736133895655,0.04981915004448716
7,V12_champion,ON,0.0499999999999999,122.27999877929688,4.088976161199099,499.9999999999999,117.91000366210938,482.1311941412637,2026-06-08 13:43:32 UTC,2026-06-09 15:06:40 UTC,-0.03573761171747247,0.04903149091770124
8,V12_champion,HPE,0.0499999999999999,49.400001525878906,10.121457177244572,499.9999999999999,47.964500427246094,485.4706371023003,2026-06-08 13:43:32 UTC,2026-06-09 15:06:40 UTC,-0.029058725795399143,0.049371103598241206
9,V12_champion,NUE,0.0499999999999999,253.7400054931641,1.9705209630945253,499.9999999999999,250.97999572753903,494.5613428984901,2026-06-08 13:43:32 UTC,2026-06-09 15:06:40 UTC,-0.010877314203019517,0.05029560477986518
10,V12_champion,COHR,0.0499999999999999,390.364990234375,1.2808525674902351,499.9999999999999,366.6700134277344,469.6502281205925,2026-06-08 13:43:32 UTC,2026-06-09 15:06:40 UTC,-0.06069954375881481,0.04776220907175751
11,V12_champion,LITE,0.0499999999999999,877.6699829101562,0.5696902135608106,499.9999999999999,848.5800170898438,483.42773115934943,2026-06-08 13:43:32 UTC,2026-06-09 15:06:40 UTC,-0.03314453768130088,0.04916334536686204
12,V12_champion,LRCX,0.0499999999999999,322.4599914550781,1.5505799579779955,499.9999999999999,331.2749938964844,513.6683661151715,2026-06-08 13:43:32 UTC,2026-06-09 15:06:40 UTC,0.027336732230343275,0.05223873944258216
13,V12_champion,FIX,0.0499999999999999,1804.06494140625,0.2771518854583222,499.9999999999999,1814.9599609375,503.01957520519096,2026-06-08 13:43:32 UTC,2026-06-09 15:06:40 UTC,0.006039150410382055,0.05115578504939633
14,V12_champion,GLW,0.0499999999999999,190.1000061035156,2.630194549955636,499.9999999999999,178.63499450683594,469.8447889832349,2026-06-08 13:43:32 UTC,2026-06-09 15:06:40 UTC,-0.06031042203352999,0.047781995406443
15,V12_champion,JBL,0.0499999999999999,356.2799987792969,1.4033905964778353,499.9999999999999,358.69000244140625,503.3821764768813,2026-06-08 13:43:32 UTC,2026-06-09 15:06:40 UTC,0.0067643529537628755,0.0511926606574791
16,V12_champion,AMAT,0.0499999999999999,484.8500061035156,1.0312467643720102,499.9999999999999,501.8399963378906,517.5208724559112,2026-06-08 13:43:32 UTC,2026-06-09 15:06:40 UTC,0.03504174491182277,0.052630529337017035
17,V12_champion,TER,0.0499999999999999,375.1000061035156,1.332977850877496,499.9999999999999,374.6499938964844,499.4001436954028,2026-06-08 13:43:32 UTC,2026-06-09 15:06:40 UTC,-0.001199712609194159,0.0507876982602486
18,V12_champion,TXN,0.0499999999999999,291.5849914550781,1.714765898974709,499.9999999999999,287.5,492.9951959552288,2026-06-08 13:43:32 UTC,2026-06-09 15:06:40 UTC,-0.014009608089542214,0.05013633170117323
19,V12_champion,GNRC,0.0499999999999999,266,1.8796992481203003,499.9999999999999,261.79010009765625,492.0866543189026,2026-06-08 13:43:32 UTC,2026-06-09 15:06:40 UTC,-0.0158266913621945,0.05004393537517067
20,V13_defensive,IEF,0.0699999999999999,93.8000030517578,7.462686324367678,699.9999999999995,93.66500091552734,698.992521404192,2026-06-08 13:43:34 UTC,2026-06-09 15:06:40 UTC,-0.001439255136867934,0.07048938251047664
21,V13_defensive,WDC,0.0533333333333333,535.780029296875,0.9954333946213852,533.3333333333335,518.280029296875,515.9132489274593,2026-06-08 13:43:34 UTC,2026-06-09 15:06:40 UTC,-0.032662658261014,0.05202688903282497
22,V13_defensive,MU,0.0533333333333333,949,0.5619950825430279,533.3333333333335,934.2000122070312,525.0158129719882,2026-06-08 13:43:34 UTC,2026-06-09 15:06:40 UTC,-0.01559535067752238,0.05294483035424561
23,V13_defensive,STX,0.0533333333333333,874.6199951171875,0.6097886354197446,533.3333333333335,860.7899780273438,524.8999460842858,2026-06-08 13:43:34 UTC,2026-06-09 15:06:40 UTC,-0.015812601091964362,0.05293314584387182
24,V13_defensive,NUE,0.0533333333333333,253.7400054931641,2.1018890273008286,533.3333333333335,250.97999572753903,527.5320990917232,2026-06-08 13:43:34 UTC,2026-06-09 15:06:40 UTC,-0.010877314203019184,0.05319858336213686
25,V13_defensive,GNRC,0.0533333333333333,266,2.0050125313283216,533.3333333333335,261.79010009765625,524.8924312734964,2026-06-08 13:43:34 UTC,2026-06-09 15:06:40 UTC,-0.0158266913621945,0.052932388018350075
26,V13_defensive,FIX,0.0533333333333333,1805.9449462890625,0.2953209257177252,533.3333333333335,1814.9599609375,535.9956558046689,2026-06-08 13:43:34 UTC,2026-06-09 15:06:40 UTC,0.004991854633753956,0.054052084463034854
27,V13_defensive,JBHT,0.0533333333333333,286.20001220703125,1.8634986393625,533.3333333333335,284.44000244140625,530.0535575298267,2026-06-08 13:43:34 UTC,2026-06-09 15:06:40 UTC,-0.006149579631575253,0.05345285796863865
28,V13_defensive,SATS,0.0533333333333333,112.97899627685548,4.72064145468595,533.3333333333335,117.78500366210938,556.02077102769,2026-06-08 13:43:34 UTC,2026-06-09 15:06:40 UTC,0.042538945676918516,0.05607150235886048
29,V13_defensive,VTRS,0.0533333333333333,16.079999923706055,33.16749601143113,533.3333333333335,16.010000228881836,531.0116187344498,2026-06-08 13:43:34 UTC,2026-06-09 15:06:40 UTC,-0.004353214872906852,0.05354947294040611
30,V13_defensive,STLD,0.0533333333333333,266.0599975585937,2.004560393246936,533.3333333333335,265.67999267578125,532.5715905960071,2026-06-08 13:43:34 UTC,2026-06-09 15:06:40 UTC,-0.0014282676324869348,0.05370678714604882
31,V13_defensive,HAL,0.0533333333333333,40.01599884033203,13.328002518727288,533.3333333333335,39.4900016784668,526.3228418351504,2026-06-08 13:43:34 UTC,2026-06-09 15:06:40 UTC,-0.01314467155909338,0.05307663671077514
32,V13_defensive,TRGP,0.0533333333333333,266.125,2.0040707687490222,533.3333333333335,260.4750061035156,522.0103457217788,2026-06-08 13:43:34 UTC,2026-06-09 15:06:40 UTC,-0.021230601771665025,0.052641746237984774
33,V13_defensive,APA,0.0533333333333333,37.2599983215332,14.313831383752662,533.3333333333335,36.07500076293945,516.371478089464,2026-06-08 13:43:34 UTC,2026-06-09 15:06:40 UTC,-0.03180347858225541,0.05207309881288544
34,V13_defensive,STT,0.0533333333333333,162.73500061035156,3.277311772716509,533.3333333333335,161.89300537109375,530.5738524231426,2026-06-08 13:43:34 UTC,2026-06-09 15:06:40 UTC,-0.005174026706607826,0.0535053267213508
35,V13_defensive,HST,0.0533333333333333,24.770000457763672,21.53142202168069,533.3333333333335,24.395000457763672,525.2590500752033,2026-06-08 13:43:34 UTC,2026-06-09 15:06:40 UTC,-0.015139281108994096,0.05296935941955639
36,V13_defensive,GLD,0.0499999999999999,398.6400146484375,1.2542644532083709,499.9999999999994,394.3200073242188,494.581568375632,2026-06-08 13:43:34 UTC,2026-06-09 15:06:40 UTC,-0.010836863248734785,0.04987571152524823
37,V13_defensive,TLT,0.0399999999999999,85.2300033569336,4.693182966623204,399.99999999999926,84.86499786376953,398.2869624367577,2026-06-08 13:43:34 UTC,2026-06-09 15:06:40 UTC,-0.004282593908103927,0.04016495339283623
38,V13_defensive,SHY,0.0399999999999999,81.93499755859375,4.881918739473316,399.99999999999926,81.93000030517578,399.97560381489217,2026-06-08 13:43:34 UTC,2026-06-09 15:06:40 UTC,-0.00006099046276775155,0.04033524318046832
39,SPY_benchmark_for_V12,SPY,1,742.7849731445312,13.462846397747734,10000,737.3499755859375,9926.829462696518,2026-06-08 13:43:34 UTC,2026-06-09 15:06:40 UTC,-0.007317053730348189,1
40,SPY_benchmark_for_V13,SPY,1,742.7849731445312,13.462846397747734,10000,737.3499755859375,9926.829462696518,2026-06-08 13:43:34 UTC,2026-06-09 15:06:40 UTC,-0.007317053730348189,1
