,date,timestamp,strategy,initial_value,current_value,return,num_positions,plot_time
68,2026-06-10,2026-06-10 13:36:41 UTC,SPY_benchmark_for_V12,10000,9876.075090537724,-0.0123924909462275,1,2026-06-10T13:36:41.000Z
69,2026-06-10,2026-06-10 13:36:41 UTC,SPY_benchmark_for_V13,10000,9876.075090537724,-0.0123924909462275,1,2026-06-10T13:36:41.000Z
70,2026-06-10,2026-06-10 13:36:41 UTC,V12_champion,9999.999999999998,9699.193804941464,-0.0300806195058533,20,2026-06-10T13:36:41.000Z
71,2026-06-10,2026-06-10 13:36:41 UTC,V13_defensive,10000.000000000002,9872.288504345695,-0.0127711495654304,19,2026-06-10T13:36:41.000Z
64,2026-06-09,2026-06-09 17:53:27 UTC,SPY_benchmark_for_V12,10000,9860.862008371714,-0.0139137991628285,1,2026-06-09T17:53:27.000Z
65,2026-06-09,2026-06-09 17:53:27 UTC,SPY_benchmark_for_V13,10000,9860.862008371714,-0.0139137991628285,1,2026-06-09T17:53:27.000Z
66,2026-06-09,2026-06-09 17:53:27 UTC,V12_champion,9999.999999999998,9524.41015246464,-0.0475589847535357,20,2026-06-09T17:53:27.000Z
67,2026-06-09,2026-06-09 17:53:27 UTC,V13_defensive,10000.000000000002,9842.125762834048,-0.0157874237165953,19,2026-06-09T17:53:27.000Z
60,2026-06-09,2026-06-09 16:53:19 UTC,SPY_benchmark_for_V12,10000,9748.312809696208,-0.0251687190303792,1,2026-06-09T16:53:19.000Z
61,2026-06-09,2026-06-09 16:53:19 UTC,SPY_benchmark_for_V13,10000,9748.312809696208,-0.0251687190303792,1,2026-06-09T16:53:19.000Z
62,2026-06-09,2026-06-09 16:53:19 UTC,V12_champion,9999.999999999998,9233.63999766772,-0.0766360002332278,20,2026-06-09T16:53:19.000Z
63,2026-06-09,2026-06-09 16:53:19 UTC,V13_defensive,10000.000000000002,9718.984456826118,-0.0281015543173883,19,2026-06-09T16:53:19.000Z
56,2026-06-09,2026-06-09 16:46:40 UTC,SPY_benchmark_for_V12,10000,9753.159237189731,-0.0246840762810266,1,2026-06-09T16:46:40.000Z
57,2026-06-09,2026-06-09 16:46:40 UTC,SPY_benchmark_for_V13,10000,9753.159237189731,-0.0246840762810266,1,2026-06-09T16:46:40.000Z
58,2026-06-09,2026-06-09 16:46:40 UTC,V12_champion,9999.999999999998,9255.183275744688,-0.074481672425531,20,2026-06-09T16:46:40.000Z
59,2026-06-09,2026-06-09 16:46:40 UTC,V13_defensive,10000.000000000002,9717.67123408225,-0.028232876591775,19,2026-06-09T16:46:40.000Z
52,2026-06-09,2026-06-09 16:18:47 UTC,SPY_benchmark_for_V12,10000,9790.65290285641,-0.020934709714359,1,2026-06-09T16:18:47.000Z
53,2026-06-09,2026-06-09 16:18:47 UTC,SPY_benchmark_for_V13,10000,9790.65290285641,-0.020934709714359,1,2026-06-09T16:18:47.000Z
54,2026-06-09,2026-06-09 16:18:47 UTC,V12_champion,9999.999999999998,9359.377934094624,-0.0640622065905374,20,2026-06-09T16:18:47.000Z
55,2026-06-09,2026-06-09 16:18:47 UTC,V13_defensive,10000.000000000002,9748.667530092049,-0.0251332469907953,19,2026-06-09T16:18:47.000Z
48,2026-06-09,2026-06-09 16:07:00 UTC,SPY_benchmark_for_V12,10000,9821.146447156972,-0.0178853552843027,1,2026-06-09T16:07:00.000Z
49,2026-06-09,2026-06-09 16:07:00 UTC,SPY_benchmark_for_V13,10000,9821.146447156972,-0.0178853552843027,1,2026-06-09T16:07:00.000Z
50,2026-06-09,2026-06-09 16:07:00 UTC,V12_champion,9999.999999999998,9490.797495648832,-0.0509202504351166,20,2026-06-09T16:07:00.000Z
51,2026-06-09,2026-06-09 16:07:00 UTC,V13_defensive,10000.000000000002,9794.208364089363,-0.0205791635910637,19,2026-06-09T16:07:00.000Z
44,2026-06-09,2026-06-09 16:01:05 UTC,SPY_benchmark_for_V12,10000,9823.569660903737,-0.0176430339096265,1,2026-06-09T16:01:05.000Z
45,2026-06-09,2026-06-09 16:01:05 UTC,SPY_benchmark_for_V13,10000,9823.569660903737,-0.0176430339096265,1,2026-06-09T16:01:05.000Z
46,2026-06-09,2026-06-09 16:01:05 UTC,V12_champion,9999.999999999998,9522.07288887754,-0.0477927111122457,20,2026-06-09T16:01:05.000Z
47,2026-06-09,2026-06-09 16:01:05 UTC,V13_defensive,10000.000000000002,9801.606251667454,-0.0198393748332548,19,2026-06-09T16:01:05.000Z
40,2026-06-09,2026-06-09 15:57:08 UTC,SPY_benchmark_for_V12,10000,9825.18513673491,-0.017481486326509,1,2026-06-09T15:57:08.000Z
41,2026-06-09,2026-06-09 15:57:08 UTC,SPY_benchmark_for_V13,10000,9825.18513673491,-0.017481486326509,1,2026-06-09T15:57:08.000Z
42,2026-06-09,2026-06-09 15:57:08 UTC,V12_champion,9999.999999999998,9528.584926454789,-0.0471415073545209,20,2026-06-09T15:57:08.000Z
43,2026-06-09,2026-06-09 15:57:08 UTC,V13_defensive,10000.000000000002,9807.065247474917,-0.0192934752525084,19,2026-06-09T15:57:08.000Z
36,2026-06-09,2026-06-09 15:56:54 UTC,SPY_benchmark_for_V12,10000,9830.435844039695,-0.0169564155960304,1,2026-06-09T15:56:54.000Z
37,2026-06-09,2026-06-09 15:56:54 UTC,SPY_benchmark_for_V13,10000,9830.435844039695,-0.0169564155960304,1,2026-06-09T15:56:54.000Z
38,2026-06-09,2026-06-09 15:56:54 UTC,V12_champion,9999.999999999998,9548.375275509365,-0.0451624724490633,20,2026-06-09T15:56:54.000Z
39,2026-06-09,2026-06-09 15:56:54 UTC,V13_defensive,10000.000000000002,9811.098035672812,-0.0188901964327189,19,2026-06-09T15:56:54.000Z
32,2026-06-09,2026-06-09 15:52:22 UTC,SPY_benchmark_for_V12,10000,9859.51523070778,-0.0140484769292219,1,2026-06-09T15:52:22.000Z
33,2026-06-09,2026-06-09 15:52:22 UTC,SPY_benchmark_for_V13,10000,9859.51523070778,-0.0140484769292219,1,2026-06-09T15:52:22.000Z
34,2026-06-09,2026-06-09 15:52:22 UTC,V12_champion,9999.999999999998,9671.277157985884,-0.0328722842014113,20,2026-06-09T15:52:22.000Z
35,2026-06-09,2026-06-09 15:52:22 UTC,V13_defensive,10000.000000000002,9861.301758501031,-0.013869824149897,19,2026-06-09T15:52:22.000Z
28,2026-06-09,2026-06-09 15:33:23 UTC,SPY_benchmark_for_V12,10000,9842.888812616226,-0.0157111187383774,1,2026-06-09T15:33:23.000Z
29,2026-06-09,2026-06-09 15:33:23 UTC,SPY_benchmark_for_V13,10000,9842.888812616226,-0.0157111187383774,1,2026-06-09T15:33:23.000Z
30,2026-06-09,2026-06-09 15:33:23 UTC,V12_champion,9999.999999999998,9612.079733161265,-0.0387920266838733,20,2026-06-09T15:33:23.000Z
31,2026-06-09,2026-06-09 15:33:23 UTC,V13_defensive,10000.000000000002,9820.169101105785,-0.0179830898894217,19,2026-06-09T15:33:23.000Z
24,2026-06-09,2026-06-09 15:20:43 UTC,SPY_benchmark_for_V12,10000,9913.77089611003,-0.0086229103889969,1,2026-06-09T15:20:43.000Z
25,2026-06-09,2026-06-09 15:20:43 UTC,SPY_benchmark_for_V13,10000,9913.77089611003,-0.0086229103889969,1,2026-06-09T15:20:43.000Z
26,2026-06-09,2026-06-09 15:20:43 UTC,V12_champion,9999.999999999998,9825.02546895168,-0.0174974531048317,20,2026-06-09T15:20:43.000Z
27,2026-06-09,2026-06-09 15:20:43 UTC,V13_defensive,10000.000000000002,9916.831380277245,-0.0083168619722757,19,2026-06-09T15:20:43.000Z
20,2026-06-09,2026-06-09 15:14:15 UTC,SPY_benchmark_for_V12,10000,9930.463050756262,-0.0069536949243738,1,2026-06-09T15:14:15.000Z
21,2026-06-09,2026-06-09 15:14:15 UTC,SPY_benchmark_for_V13,10000,9930.463050756262,-0.0069536949243738,1,2026-06-09T15:14:15.000Z
22,2026-06-09,2026-06-09 15:14:15 UTC,V12_champion,9999.999999999998,9867.003974592908,-0.013299602540709,20,2026-06-09T15:14:15.000Z
23,2026-06-09,2026-06-09 15:14:15 UTC,V13_defensive,10000.000000000002,9935.107473090264,-0.0064892526909737,19,2026-06-09T15:14:15.000Z
16,2026-06-09,2026-06-09 15:06:40 UTC,SPY_benchmark_for_V12,10000,9926.829462696518,-0.0073170537303481,1,2026-06-09T15:06:40.000Z
17,2026-06-09,2026-06-09 15:06:40 UTC,SPY_benchmark_for_V13,10000,9926.829462696518,-0.0073170537303481,1,2026-06-09T15:06:40.000Z
18,2026-06-09,2026-06-09 15:06:40 UTC,V12_champion,9999.999999999998,9833.092674063591,-0.0166907325936405,20,2026-06-09T15:06:40.000Z
19,2026-06-09,2026-06-09 15:06:40 UTC,V13_defensive,10000.000000000002,9916.280956217806,-0.0083719043782195,19,2026-06-09T15:06:40.000Z
12,2026-06-09,2026-06-09 14:41:01 UTC,SPY_benchmark_for_V12,10000,9978.796674289097,-0.0021203325710905,1,2026-06-09T14:41:01.000Z
13,2026-06-09,2026-06-09 14:41:01 UTC,SPY_benchmark_for_V13,10000,9978.796674289097,-0.0021203325710905,1,2026-06-09T14:41:01.000Z
14,2026-06-09,2026-06-09 14:41:01 UTC,V12_champion,9999.999999999998,9972.804549780318,-0.002719545021968,20,2026-06-09T14:41:01.000Z
15,2026-06-09,2026-06-09 14:41:01 UTC,V13_defensive,10000.000000000002,9989.80398461994,-0.001019601538006,19,2026-06-09T14:41:01.000Z
8,2026-06-09,2026-06-09 14:38:21 UTC,SPY_benchmark_for_V12,10000,9978.932255933114,-0.0021067744066886,1,2026-06-09T14:38:21.000Z
9,2026-06-09,2026-06-09 14:38:21 UTC,SPY_benchmark_for_V13,10000,9978.932255933114,-0.0021067744066886,1,2026-06-09T14:38:21.000Z
10,2026-06-09,2026-06-09 14:38:21 UTC,V12_champion,9999.999999999998,9984.72450522083,-0.0015275494779167,20,2026-06-09T14:38:21.000Z
11,2026-06-09,2026-06-09 14:38:21 UTC,V13_defensive,10000.000000000002,9991.878526988385,-0.0008121473011617,19,2026-06-09T14:38:21.000Z
4,2026-06-08,2026-06-08 21:46:22 UTC,SPY_benchmark_for_V12,10000,9952.004919723751,-0.0047995080276248,1,2026-06-08T21:46:22.000Z
5,2026-06-08,2026-06-08 21:46:22 UTC,SPY_benchmark_for_V13,10000,9952.004919723751,-0.0047995080276248,1,2026-06-08T21:46:22.000Z
6,2026-06-08,2026-06-08 21:46:22 UTC,V12_champion,9999.999999999998,10064.38057673472,0.0064380576734721,20,2026-06-08T21:46:22.000Z
7,2026-06-08,2026-06-08 21:46:22 UTC,V13_defensive,10000.000000000002,10014.702265346446,0.0014702265346444,19,2026-06-08T21:46:22.000Z
0,2026-06-08,2026-06-08 21:31:08 UTC,SPY_benchmark_for_V12,10000,9952.004919723751,-0.0047995080276248,1,2026-06-08T21:31:08.000Z
1,2026-06-08,2026-06-08 21:31:08 UTC,SPY_benchmark_for_V13,10000,9952.004919723751,-0.0047995080276248,1,2026-06-08T21:31:08.000Z
2,2026-06-08,2026-06-08 21:31:08 UTC,V12_champion,9999.999999999998,10064.38057673472,0.0064380576734721,20,2026-06-08T21:31:08.000Z
3,2026-06-08,2026-06-08 21:31:08 UTC,V13_defensive,10000.000000000002,10014.702265346446,0.0014702265346444,19,2026-06-08T21:31:08.000Z
